[{"start":1.1,"end":1.8,"data":{},"attributes":{"label": "abc","highlight":true}},{"start":2.7,"end":4.1,"data":{}},{"start":6,"end":8.2,"data":{}},{"start":8.6,"end":12.2,"data":{}},{"start":12.8,"end":16.2,"data":{}},{"start":"17.8","end":"18.6","data":{"note":"羅生門"}},{"start":"19.19","end":"20.5","data":{"note":"芥川龍之介"}},{"start":"22.5","end":"24.5","data":{"note":"ある日の暮方の事である。"}},{"start":"25.19","end":"26.3","data":{"note":"一人の下人げにんが、"}},{"start":"26.8","end":"28","data":{"note":"羅生門らしょうもんの下で"}},{"start":"28.3","end":"29.6","data":{"note":"雨やみを待っていた。"}},{"start":"30.8","end":"34.5","data":{"note":"広い門の下には、この男のほかに誰もいない。"}},{"start":"35.4","end":"39.8","data":{"note":"ただ、所々丹塗の剥げた、大きな円柱に、蟋蟀が一匹とまっている。"}},{"start":"40.3","end":"42.4","data":{"note":"蟋蟀が一匹とまっている。"}},{"start":43.5,"end":54.2,"data":{}},{"start":55,"end":57.7,"data":{}},{"start":59.7,"end":64.3,"data":{}},{"start":64.6,"end":67.8,"data":{}},{"start":68.7,"end":71.4,"data":{}},{"start":72.7,"end":81.6,"data":{}},{"start":81.9,"end":84.7,"data":{}},{"start":85.6,"end":89.3,"data":{}},{"start":89.6,"end":92.4,"data":{}},{"start":93.6,"end":94.3,"data":{}},{"start":94.5,"end":96.9,"data":{}},{"start":97.4,"end":98.3,"data":{}},{"start":98.6,"end":99.7,"data":{}},{"start":100.2,"end":106,"data":{}},{"start":106.3,"end":107.7,"data":{}},{"start":109,"end":113.2,"data":{}},{"start":113.6,"end":117.9,"data":{}},{"start":119.5,"end":123.7,"data":{}},{"start":124.5,"end":130.2,"data":{}},{"start":130.5,"end":131.6,"data":{}},{"start":132.8,"end":134.3,"data":{}},{"start":134.6,"end":136.4,"data":{}},{"start":137.1,"end":139.6,"data":{}},{"start":141.1,"end":146.1,"data":{}},{"start":147.9,"end":150.9,"data":{}},{"start":151.6,"end":157.7,"data":{}},{"start":158.2,"end":162.2,"data":{}},{"start":163.8,"end":168.4,"data":{}},{"start":168.7,"end":170.6,"data":{}},{"start":170.9,"end":172.2,"data":{}},{"start":172.5,"end":174.4,"data":{}},{"start":174.7,"end":175.6,"data":{}},{"start":176,"end":177.7,"data":{}},{"start":179.2,"end":183,"data":{}},{"start":183.5,"end":192.2,"data":{}},{"start":193,"end":196.9,"data":{}},{"start":197.9,"end":199.3,"data":{}},{"start":199.6,"end":203.1,"data":{}},{"start":203.7,"end":205,"data":{}},{"start":205.3,"end":211.8,"data":{}},{"start":212.7,"end":215.5,"data":{}},{"start":215.7,"end":216.6,"data":{}},{"start":217.1,"end":219.1,"data":{}},{"start":219.5,"end":221.9,"data":{}},{"start":222.5,"end":224,"data":{}},{"start":225.2,"end":232.1,"data":{}},{"start":233.5,"end":238.1,"data":{}},{"start":239.1,"end":240.7,"data":{}},{"start":241.1,"end":243.8,"data":{}},{"start":244.5,"end":246.9,"data":{}},{"start":247.1,"end":248.7,"data":{}},{"start":249,"end":251.5,"data":{}},{"start":251.7,"end":257.6,"data":{}},{"start":259.6,"end":261.7,"data":{}},{"start":262,"end":264.5,"data":{}},{"start":265.4,"end":272.4,"data":{}},{"start":272.9,"end":275.3,"data":{}},{"start":277.6,"end":282.4,"data":{}},{"start":283.1,"end":286.6,"data":{}},{"start":287,"end":288.7,"data":{}},{"start":289.4,"end":294.3,"data":{}},{"start":295.8,"end":297.3,"data":{}},{"start":298.5,"end":305,"data":{}},{"start":306,"end":306.8,"data":{}},{"start":307.2,"end":308,"data":{}},{"start":308.4,"end":312,"data":{}},{"start":312.6,"end":315.8,"data":{}},{"start":316.3,"end":318.8,"data":{}},{"start":319.3,"end":321,"data":{}},{"start":321.7,"end":324.1,"data":{}},{"start":324.8,"end":325.6,"data":{}},{"start":326,"end":329.7,"data":{}},{"start":331.8,"end":333.6,"data":{}},{"start":333.9,"end":335.9,"data":{}},{"start":336.5,"end":340.7,"data":{}},{"start":341.6,"end":344.5,"data":{}},{"start":344.8,"end":347.2,"data":{}},{"start":348.4,"end":350.8,"data":{}},{"start":351.4,"end":353.4,"data":{}},{"start":355.3,"end":357,"data":{}},{"start":357.3,"end":359,"data":{}},{"start":359.4,"end":361.3,"data":{}},{"start":361.6,"end":363.2,"data":{}},{"start":364.1,"end":370.3,"data":{}},{"start":370.6,"end":371.9,"data":{}},{"start":372.2,"end":374.3,"data":{}},{"start":375.1,"end":382.1,"data":{}},{"start":383,"end":386.1,"data":{}},{"start":387.1,"end":397.1,"data":{}},{"start":398.5,"end":406.6,"data":{}},{"start":406.9,"end":412.2,"data":{}},{"start":413.2,"end":415.2,"data":{}},{"start":415.6,"end":416.2,"data":{}},{"start":416.5,"end":418.9,"data":{}},{"start":419.9,"end":424.3,"data":{}},{"start":425.7,"end":431.2,"data":{}},{"start":432.4,"end":436,"data":{}},{"start":436.5,"end":437.1,"data":{}},{"start":437.3,"end":441.8,"data":{}},{"start":442.7,"end":452,"data":{}},{"start":453.4,"end":454.9,"data":{}},{"start":455.5,"end":458.8,"data":{}},{"start":459.3,"end":461.2,"data":{}},{"start":463,"end":470,"data":{}},{"start":470.7,"end":473.4,"data":{}},{"start":473.7,"end":478.9,"data":{}},{"start":480.4,"end":486.2,"data":{}},{"start":486.9,"end":490.6,"data":{}},{"start":490.9,"end":492.6,"data":{}},{"start":493.9,"end":495.7,"data":{}},{"start":496.2,"end":500.9,"data":{}},{"start":501.9,"end":505.5,"data":{}},{"start":506.5,"end":508.9,"data":{}},{"start":509.3,"end":509.9,"data":{}},{"start":510.2,"end":513.4,"data":{}},{"start":514.1,"end":521.5,"data":{}},{"start":522.6,"end":528.1,"data":{}},{"start":528.5,"end":534.6,"data":{}},{"start":536.7,"end":539.7,"data":{}},{"start":540.1,"end":541.1,"data":{}},{"start":542,"end":547.3,"data":{}},{"start":548.3,"end":554,"data":{}},{"start":556.2,"end":561.2,"data":{}},{"start":561.8,"end":567.8,"data":{}},{"start":568.2,"end":569.9,"data":{}},{"start":570.8,"end":575.2,"data":{}},{"start":575.6,"end":579.6,"data":{}},{"start":580.9,"end":582.9,"data":{}},{"start":583.2,"end":585.1,"data":{}},{"start":587.6,"end":594.9,"data":{}},{"start":596.3,"end":601.2,"data":{}},{"start":602.6,"end":616.4,"data":{}},{"start":617.4,"end":619.2,"data":{}},{"start":620.5,"end":623.4,"data":{}},{"start":625.1,"end":628.5,"data":{}},{"start":629,"end":630.4,"data":{}},{"start":630.9,"end":632.9,"data":{}},{"start":633.8,"end":635.2,"data":{}},{"start":635.7,"end":637.9,"data":{}},{"start":638.4,"end":639.8,"data":{}},{"start":640.9,"end":644.6,"data":{}},{"start":645.6,"end":648.7,"data":{}},{"start":649.5,"end":651.7,"data":{}},{"start":653.6,"end":664.1,"data":{}},{"start":664.7,"end":668.9,"data":{}},{"start":669.6,"end":678.7,"data":{}},{"start":681.9,"end":687,"data":{}},{"start":687.8,"end":693.3,"data":{}},{"start":694.4,"end":705.4,"data":{}},{"start":706.3,"end":711.2,"data":{}},{"start":711.6,"end":713.3,"data":{}},{"start":714.4,"end":719.6,"data":{}},{"start":720.3,"end":725.6,"data":{}},{"start":726.9,"end":729,"data":{}},{"start":730.2,"end":735.5,"data":{}},{"start":735.9,"end":736.2,"data":{}},{"start":737.4,"end":738.7,"data":{}},{"start":739.5,"end":740.1,"data":{}},{"start":740.3,"end":742.1,"data":{}},{"start":742.5,"end":745.8,"data":{}},{"start":746.4,"end":749.6,"data":{}},{"start":750,"end":752.7,"data":{}},{"start":753.9,"end":757.5,"data":{}},{"start":759.1,"end":761.2,"data":{}},{"start":761.8,"end":764.7,"data":{}},{"start":764.9,"end":766.6,"data":{}},{"start":767.5,"end":769.3,"data":{}},{"start":769.8,"end":771.9,"data":{}},{"start":773.4,"end":774.4,"data":{}},{"start":774.7,"end":775.2,"data":{}},{"start":775.6,"end":777,"data":{}},{"start":777.8,"end":780.4,"data":{}},{"start":780.7,"end":786.4,"data":{}},{"start":787.5,"end":789.1,"data":{}},{"start":790,"end":793.7,"data":{}},{"start":794.2,"end":797.3,"data":{}},{"start":797.5,"end":798.4,"data":{}},{"start":798.9,"end":801.1,"data":{}},{"start":802.1,"end":807.3,"data":{}},{"start":807.6,"end":810.9,"data":{}},{"start":812.1,"end":813.3,"data":{}},{"start":813.9,"end":816.5,"data":{}},{"start":817.1,"end":819,"data":{}},{"start":820.1,"end":821.3,"data":{}},{"start":821.9,"end":822.3,"data":{}},{"start":822.7,"end":828.4,"data":{}},{"start":828.7,"end":830.7,"data":{}},{"start":831.9,"end":837.6,"data":{}},{"start":839.3,"end":840,"data":{}},{"start":840.2,"end":842.7,"data":{}},{"start":843.7,"end":847.2,"data":{}},{"start":848.3,"end":852.7,"data":{}},{"start":853.9,"end":855.8,"data":{}},{"start":856.1,"end":857.6,"data":{}},{"start":858.2,"end":860.5,"data":{}},{"start":862.3,"end":863.2,"data":{}},{"start":863.5,"end":864.8,"data":{}},{"start":865.2,"end":866.5,"data":{}},{"start":867.1,"end":868.7,"data":{}},{"start":869.9,"end":871.4,"data":{}},{"start":871.7,"end":873,"data":{}},{"start":873.3,"end":875,"data":{}},{"start":876.1,"end":876.9,"data":{}},{"start":877.1,"end":880.6,"data":{}},{"start":881.1,"end":883.7,"data":{}},{"start":886.5,"end":887.5,"data":{}},{"start":888,"end":890.6,"data":{}},{"start":891.9,"end":892.6,"data":{}},{"start":892.9,"end":893.9,"data":{}},{"start":894.2,"end":895.8,"data":{}},{"start":896.2,"end":897.2,"data":{}},{"start":897.6,"end":899.5,"data":{}},{"start":901.9,"end":904.2,"data":{}},{"start":905.3,"end":907.3,"data":{}},{"start":908.5,"end":910.8,"data":{}},{"start":914.3,"end":917.5,"data":{}},{"start":918.1,"end":925.4,"data":{}},{"start":926.1,"end":930.9,"data":{}},{"start":931.2,"end":938.4,"data":{}},{"start":938.8,"end":939.8,"data":{}},{"start":940.2,"end":941.6,"data":{}},{"start":943.2,"end":944.4,"data":{}},{"start":945,"end":950.3,"data":{}},{"start":951.4,"end":953.7,"data":{}},{"start":954.2,"end":958,"data":{}},{"start":959.4,"end":962.8,"data":{}},{"start":963.9,"end":971.7,"data":{}},{"start":972.2,"end":976.9,"data":{}},{"start":978,"end":979,"data":{}},{"start":979.5,"end":988,"data":{}},{"start":989,"end":992.2,"data":{}},{"start":993,"end":995.1,"data":{}},{"start":995.6,"end":997.6,"data":{}},{"start":998.7,"end":1003.1,"data":{}},{"start":1004.2,"end":1006.7,"data":{}},{"start":1007,"end":1008.4,"data":{}},{"start":1008.8,"end":1011.9,"data":{}},{"start":1012.1,"end":1012.8,"data":{}},{"start":1013.4,"end":1017,"data":{}},{"start":1017.9,"end":1022.5,"data":{}},{"start":1024.2,"end":1026.4,"data":{}},{"start":1027.3,"end":1034.4,"data":{}},{"start":1035.3,"end":1038.9,"data":{}},{"start":1039.3,"end":1042.3,"data":{}},{"start":1043.5,"end":1048.4,"data":{}},{"start":1049.2,"end":1050.7,"data":{}},{"start":1051.2,"end":1053.6,"data":{}},{"start":1054.1,"end":1056.5,"data":{}},{"start":1056.9,"end":1059.1,"data":{}},{"start":1059.5,"end":1067,"data":{}},{"start":1067.3,"end":1069.1,"data":{}},{"start":1069.9,"end":1072.4,"data":{}},{"start":1072.9,"end":1076.5,"data":{}},{"start":1077,"end":1078.8,"data":{}},{"start":1080.6,"end":1081.4,"data":{}},{"start":1082.6,"end":1086.5,"data":{}},{"start":1087.6,"end":1088.4,"data":{}},{"start":1088.8,"end":1096.7,"data":{}},{"start":1097.6,"end":1104.9,"data":{}},{"start":1105.4,"end":1108.9,"data":{}},{"start":1109.6,"end":1114.6,"data":{}},{"start":1116,"end":1119.5,"data":{}},{"start":1120.4,"end":1127.8,"data":{}},{"start":1130.1,"end":1132.5,"data":{}},{"start":1133.1,"end":1134.2,"data":{}},{"start":1134.6,"end":1136.7,"data":{}},{"start":1137.3,"end":1139.1,"data":{}},{"start":1140.9,"end":1141.5,"data":{}},{"start":1141.9,"end":1143,"data":{}},{"start":1143.5,"end":1145.4,"data":{}},{"start":1146.1,"end":1148.6,"data":{}},{"start":1148.8,"end":1150.7,"data":{}},{"start":1151.9,"end":1153.1,"data":{}},{"start":1153.7,"end":1158.2,"data":{}},{"start":1159.5,"end":1160.6,"data":{}},{"start":1161.7,"end":1162.9,"data":{}},{"start":1163.3,"end":1165,"data":{}},{"start":1166.9,"end":1168.2,"data":{}},{"start":1168.5,"end":1169.5,"data":{}},{"start":1172.4,"end":1174.3,"data":{}}]